create table if not exists "__EFMigrationsHistory"
(
    "MigrationId"    varchar(150) not null
        constraint "PK___EFMigrationsHistory"
            primary key,
    "ProductVersion" varchar(32)  not null
);

create table if not exists "AspNetRoles"
(
    "Id"               text not null
        constraint "PK_AspNetRoles"
            primary key,
    "Name"             varchar(256),
    "NormalizedName"   varchar(256),
    "ConcurrencyStamp" text
);

create unique index if not exists "RoleNameIndex"
    on "AspNetRoles" ("NormalizedName");

create table if not exists "AspNetUsers"
(
    "Id"                   text    not null
        constraint "PK_AspNetUsers"
            primary key,
    "FullName"             text,
    "UserName"             varchar(256),
    "NormalizedUserName"   varchar(256),
    "Email"                varchar(256),
    "NormalizedEmail"      varchar(256),
    "EmailConfirmed"       boolean not null,
    "PasswordHash"         text,
    "SecurityStamp"        text,
    "ConcurrencyStamp"     text,
    "PhoneNumber"          text,
    "PhoneNumberConfirmed" boolean not null,
    "TwoFactorEnabled"     boolean not null,
    "LockoutEnd"           timestamp with time zone,
    "LockoutEnabled"       boolean not null,
    "AccessFailedCount"    integer not null
);

create index if not exists "EmailIndex"
    on "AspNetUsers" ("NormalizedEmail");

create unique index if not exists "UserNameIndex"
    on "AspNetUsers" ("NormalizedUserName");

create table if not exists "Categories"
(
    "Id"   integer generated by default as identity
        constraint "PK_Categories"
            primary key,
    "Name" text not null
);

create table if not exists "AspNetRoleClaims"
(
    "Id"         integer generated by default as identity
        constraint "PK_AspNetRoleClaims"
            primary key,
    "RoleId"     text not null
        constraint "FK_AspNetRoleClaims_AspNetRoles_RoleId"
            references "AspNetRoles"
            on delete cascade,
    "ClaimType"  text,
    "ClaimValue" text
);

create index if not exists "IX_AspNetRoleClaims_RoleId"
    on "AspNetRoleClaims" ("RoleId");

create table if not exists "AspNetUserClaims"
(
    "Id"         integer generated by default as identity
        constraint "PK_AspNetUserClaims"
            primary key,
    "UserId"     text not null
        constraint "FK_AspNetUserClaims_AspNetUsers_UserId"
            references "AspNetUsers"
            on delete cascade,
    "ClaimType"  text,
    "ClaimValue" text
);

create index if not exists "IX_AspNetUserClaims_UserId"
    on "AspNetUserClaims" ("UserId");

create table if not exists "AspNetUserLogins"
(
    "LoginProvider"       text not null,
    "ProviderKey"         text not null,
    "ProviderDisplayName" text,
    "UserId"              text not null
        constraint "FK_AspNetUserLogins_AspNetUsers_UserId"
            references "AspNetUsers"
            on delete cascade,
    constraint "PK_AspNetUserLogins"
        primary key ("LoginProvider", "ProviderKey")
);

create index if not exists "IX_AspNetUserLogins_UserId"
    on "AspNetUserLogins" ("UserId");

create table if not exists "AspNetUserRoles"
(
    "UserId" text not null
        constraint "FK_AspNetUserRoles_AspNetUsers_UserId"
            references "AspNetUsers"
            on delete cascade,
    "RoleId" text not null
        constraint "FK_AspNetUserRoles_AspNetRoles_RoleId"
            references "AspNetRoles"
            on delete cascade,
    constraint "PK_AspNetUserRoles"
        primary key ("UserId", "RoleId")
);

create index if not exists "IX_AspNetUserRoles_RoleId"
    on "AspNetUserRoles" ("RoleId");

create table if not exists "AspNetUserTokens"
(
    "UserId"        text not null
        constraint "FK_AspNetUserTokens_AspNetUsers_UserId"
            references "AspNetUsers"
            on delete cascade,
    "LoginProvider" text not null,
    "Name"          text not null,
    "Value"         text,
    constraint "PK_AspNetUserTokens"
        primary key ("UserId", "LoginProvider", "Name")
);

create table if not exists "ContactMessages"
(
    "Id"                integer generated by default as identity
        constraint "PK_ContactMessages"
            primary key,
    "Name"              text                     not null,
    "Email"             text                     not null,
    "Subject"           text                     not null,
    "Message"           text                     not null,
    "SentAt"            timestamp with time zone not null,
    "ApplicationUserId" text
        constraint "FK_ContactMessages_AspNetUsers_ApplicationUserId"
            references "AspNetUsers"
);

create index if not exists "IX_ContactMessages_ApplicationUserId"
    on "ContactMessages" ("ApplicationUserId");

create table if not exists "Feedbacks"
(
    "Id"        integer generated by default as identity
        constraint "PK_Feedbacks"
            primary key,
    "UserId"    text                     not null
        constraint "FK_Feedbacks_AspNetUsers_UserId"
            references "AspNetUsers"
            on delete cascade,
    "Rating"    integer                  not null,
    "Comment"   text,
    "CreatedAt" timestamp with time zone not null
);

create index if not exists "IX_Feedbacks_UserId"
    on "Feedbacks" ("UserId");

create table if not exists "Galleries"
(
    "Id"        integer generated by default as identity
        constraint "PK_Galleries"
            primary key,
    "UserId"    text                     not null
        constraint "FK_Galleries_AspNetUsers_UserId"
            references "AspNetUsers"
            on delete cascade,
    "Name"      text                     not null,
    "CreatedAt" timestamp with time zone not null
);

create index if not exists "IX_Galleries_UserId"
    on "Galleries" ("UserId");

create table if not exists "PhotographerRequests"
(
    "Id"           integer generated by default as identity
        constraint "PK_PhotographerRequests"
            primary key,
    "UserId"       text                         not null
        constraint "FK_PhotographerRequests_AspNetUsers_UserId"
            references "AspNetUsers"
            on delete cascade,
    "Experience"   varchar(100)                 not null,
    "PortfolioUrl" varchar(200)                 not null,
    "RequestedAt"  timestamp with time zone     not null,
    "Surname"      varchar(50)                  not null,
    "Age"          integer     default 0        not null,
    "Name"         varchar(50) default ''::text not null,
    "Status"       varchar(20) default ''::text not null
);

create index if not exists "IX_PhotographerRequests_UserId"
    on "PhotographerRequests" ("UserId");

create table if not exists "Photos"
(
    "Id"             integer generated by default as identity
        constraint "PK_Photos"
            primary key,
    "FileName"       text                      not null,
    "PhotographerId" text  default ''::text    not null
        constraint "FK_Photos_AspNetUsers_PhotographerId"
            references "AspNetUsers"
            on delete cascade,
    "CategoryId"     integer                   not null
        constraint "FK_Photos_Categories_CategoryId"
            references "Categories"
            on delete cascade,
    "Url"            text                      not null,
    "Title"          text                      not null,
    "Description"    text,
    "UploadedAt"     timestamp with time zone  not null,
    "ContentType"    text  default ''::text    not null,
    "Data"           bytea default '\x'::bytea not null
);

create index if not exists "IX_Photos_CategoryId"
    on "Photos" ("CategoryId");

create index if not exists "IX_Photos_PhotographerId"
    on "Photos" ("PhotographerId");

create table if not exists "PhotoAlbumItems"
(
    "GalleryId" integer not null
        constraint "FK_PhotoAlbumItems_Galleries_GalleryId"
            references "Galleries"
            on delete cascade,
    "PhotoId"   integer not null
        constraint "FK_PhotoAlbumItems_Photos_PhotoId"
            references "Photos"
            on delete cascade,
    constraint "PK_PhotoAlbumItems"
        primary key ("GalleryId", "PhotoId")
);

create index if not exists "IX_PhotoAlbumItems_PhotoId"
    on "PhotoAlbumItems" ("PhotoId");


--Inserts


insert into "__EFMigrationsHistory" ("MigrationId", "ProductVersion")
values ('20250530133854_InitialCreate', '9.0.4'),
       ('20250601194307_PhotoEntity', '9.0.4'),
       ('20250601194802_PhotoEntityUpdated', '9.0.4'),
       ('20250602085825_MakePhotoIdIdentity', '9.0.4'),
       ('20250602112302_AlterPhotographerRequestTable', '9.0.4'),
       ('20250602113214_RemoveApplicationUserIdFromRequests', '9.0.4'),
       ('20250602201306_PhotographerRequestStatus', '9.0.4'),
       ('20250602203716_PhotographerRequestEntity', '9.0.4');

insert into "AspNetRoles" ("Id", "Name", "NormalizedName", "ConcurrencyStamp")
values ('aaaa1111-aaaa-aaaa-aaaa-aaaaaaaaaaaa', 'Admin', 'ADMIN', '6a038ba3-f6d2-4572-99ba-e7b157549d2f'),
       ('bbbb2222-bbbb-bbbb-bbbb-bbbbbbbbbbbb', 'Photographer', 'PHOTOGRAPHER', '6bed9063-8a7a-401a-9e39-5701ff5e640e'),
       ('cccc3333-cccc-cccc-cccc-cccccccccccc', 'User', 'USER', 'e1bb4f32-357b-449b-82cf-4570d08c804d');

insert into "AspNetUserClaims" ("Id", "UserId", "ClaimType", "ClaimValue")
values (2, 'a7da431c-5780-4912-8c8b-3cc7fd506c12', 'http://schemas.microsoft.com/ws/2008/06/identity/claims/role',
        'Photographer');

insert into "AspNetUserRoles" ("UserId", "RoleId")
values ('11111111-1111-1111-1111-111111111111', 'aaaa1111-aaaa-aaaa-aaaa-aaaaaaaaaaaa'),
       ('22222222-2222-2222-2222-222222222222', 'bbbb2222-bbbb-bbbb-bbbb-bbbbbbbbbbbb'),
       ('33333333-3333-3333-3333-333333333333', 'cccc3333-cccc-cccc-cccc-cccccccccccc'),
       ('44444444-4444-4444-4444-444444444444', 'cccc3333-cccc-cccc-cccc-cccccccccccc'),
       ('55555555-5555-5555-5555-555555555555', 'cccc3333-cccc-cccc-cccc-cccccccccccc'),
       ('a8048047-6f65-40ec-bbf7-299a43dccf83', 'bbbb2222-bbbb-bbbb-bbbb-bbbbbbbbbbbb'),
       ('a7da431c-5780-4912-8c8b-3cc7fd506c12', 'bbbb2222-bbbb-bbbb-bbbb-bbbbbbbbbbbb'),
       ('a0f0cc51-298c-4aee-93d9-f606f43346e4', 'bbbb2222-bbbb-bbbb-bbbb-bbbbbbbbbbbb');

insert into "AspNetUsers" ("Id", "FullName", "UserName", "NormalizedEmail", "Email", "NormalizedEmail",
                           "EmailConfirmed",
                           "PasswordHash", "SecurityStamp", "ConcurrencyStamp", "PhoneNumber", "PhoneNumberConfirmed",
                           "TwoFactorEnabled", "LockoutEnd", "LockoutEnabled", "AccessFailedCount")
values ('22222222-2222-2222-2222-222222222222', null, 'adil', 'ADIL', 'adil@gmail.com', 'ADIL@GMAIL.COM', true, '',
        'afd3505b-3ec2-4691-a55a-c53102949395', '145ed7ea-af6b-4173-9051-285882ad9470', null, false, false, null, false,
        0),
       ('92cea5b1-9f35-4835-ab03-664249de7613', null, 'anaria@gmail.com', 'ANARIA@GMAIL.COM', 'anaria@gmail.com',
        'ANARIA@GMAIL.COM', false,
        'AQAAAAIAAYagAAAAEDTWY/GFmFkS43Nw2oIUwrsiR7ZxrCdK55ESM4Q8UvLjfYBpFXoQStx7y8vAbq90NA==',
        'HLWWUFFGP4C7HG6LGQEZGZQBI5CRHIJX', '48fb67a8-51bf-40e5-9420-7ecd76b7a5f4', null, false, false, null, true, 0),
       ('a8048047-6f65-40ec-bbf7-299a43dccf83', null, 'adil@gmail.com', 'ADIL@GMAIL.COM', 'adil@gmail.com',
        'ADIL@GMAIL.COM', false, 'AQAAAAIAAYagAAAAEPGmkrhzRGyJfxVsSgIMqPf8OOPuabOgfYj8WV5h7p+mC0b5Gekr9tuSHRpHRsMZwA==',
        'ICPJF5CCW4775RCRDPWCYAFF3DQ3W5SP', '75f16a15-56b0-4804-904a-347b6233f79a', null, false, false, null, true, 0),
       ('ea61bdda-4d58-4240-8e8e-89af781a64f0', 'Anar Fatali', 'qamilo', 'QAMILO', 'tamil@gmail.com', 'TAMIL@GMAIL.COM',
        false, 'AQAAAAIAAYagAAAAELhu0GYVLNpUmiFbHptg3H3DZTtDU2cQyYqtncNmD/KlpK0GJEoabV/RreWhyIM63w==',
        'EP4KQXXHFRRVLRMYQBPLSPXLPZ5LJCEE', '98ddb312-d6b7-4741-823a-d9ed003942f3', null, false, false, null, true, 0),
       ('11111111-1111-1111-1111-111111111111', null, 'anar', 'ANAR', 'anar@gmail.com', 'ANAR@GMAIL.COM', true,
        'AQEAAAAQJwAAEAAAAJm1S2bD4zjt2qYVBD52osAYpDoo606Msm7c75O+1lOmCicL3dZxJANCW8fk7e9EZg==',
        'd71198a7-29e0-4fd9-8195-04b9a5df1ffa', 'c6afdf8a-c88e-49c6-976a-b1ca4cf232cc', null, false, false, null, true,
        0),
       ('33333333-3333-3333-3333-333333333333', null, 'royal', 'ROYAL', 'royal@gmail.com', 'ROYAL@GMAIL.COM', true,
        'AQEAAAAQJwAAEAAAAKFy93suVWD85ZjTTntpGuBh38wtteSqAy/ZVwh3Zw0Vk66TTlb+AgolNDEH6KMBbQ==',
        'a90c679e-223b-4fa8-8c39-ff6c7de69fdb', 'be0eb576-2e21-4e27-bd4f-04f6c3c61a84', null, false, false, null, false,
        0),
       ('55555555-5555-5555-5555-555555555555', null, 'elton', 'ELTON', 'elton@gmail.com', 'ELTON@GMAIL.COM', true,
        'AQEAAAAQJwAAEAAAAD5i9jUSkmM61DsOZ3FrGtiZQwVxyW3LmBAX+m+Nl55XS7Ju6YgKrW9MpulZENjUPg==',
        '8fcfe8b5-d727-46e2-832f-947fa2f9fcd9', '2cb6e0fb-9e52-43e2-92d8-ffbd93442783', null, false, false, null, false,
        0),
       ('44444444-4444-4444-4444-444444444444', null, 'seymur', 'SEYMUR', 'seymur@gmail.com', 'SEYMUR@GMAIL.COM', true,
        'AQEAAAAQJwAAEAAAAGRlFPCisokW3O9xfHBJxxymRuBpfw4ag5NBIxWsPyoG6oFPJEybQlV9pAp/tbbS5g==',
        '5aef8940-6543-4eb6-9b66-1af6516e7dc6', 'a6d8f08c-c58f-4407-947c-78770a5de0b9', null, false, false, null, false,
        0),
       ('a7da431c-5780-4912-8c8b-3cc7fd506c12', 'Anar Fatali', 'anarla', 'ANARLA', 'anar@gmail.com', 'ANAR@GMAIL.COM',
        false, 'AQAAAAIAAYagAAAAEJyxz/tWgL7mweGkbjn1uRfojfgjv5KXqu8mJ5O1Ea1cZF7Q6RuBq8ZeNFhW4wvdbA==',
        'J7WEBCYFXS6FN3OXU4AXXJSAKRHLNTHK', 'a21556ef-0f8f-4695-aadf-270c544df6f9', null, false, false, null, true, 0),
       ('00225878-84e9-4f83-b135-e89b0d1ae2b8', 'Anar Fatali', 'anard', 'ANARD', 'anar@gmail.com', 'ANAR@GMAIL.COM',
        false, 'AQAAAAIAAYagAAAAEABRl3Yz+eSRC7uwFktuwKqg2BR/4IZ5EKt+PVMrQVpwUTzEjMKaVXbvpdWDGZebwA==',
        '35X3YLK3PWJJE6YBCEUWNI66HORQXNAE', '99a1b779-fca4-41aa-b2d6-15686ae9c762', null, false, false, null, true, 0),
       ('06d3b4d4-e7ae-4262-9f94-1c0b24987b32', 'Seymur Memmed', 'seymurla', 'SEYMURLA', 'seymur@gmail.com',
        'SEYMUR@GMAIL.COM', false,
        'AQAAAAIAAYagAAAAEDIN1AnkbA87v3BXVjP72MNJxC9RgCbVBRXCiwjJv8rgnHbXIw6zLZCyvHp44iTJBA==',
        'ZJKHJJIXH43L7QRM425XWQQ7WQQGSQKI', '5337f755-2c3b-41d0-9e2a-6279a7e1d940', null, false, false, null, true, 0),
       ('a0f0cc51-298c-4aee-93d9-f606f43346e4', 'Ilham Qadal', 'qadalov', 'QADALOV', 'ilham@gmail.com',
        'ILHAM@GMAIL.COM', false,
        'AQAAAAIAAYagAAAAEDwdlL+KAmeGhhYqDXeEa5z+RCxgofOLDt1cA6QCVea9Z2E31CMwQaHtbn2dmONNow==',
        'U7XYLZ7NX2UJ4P7NY3NH7WRFO6VOAJ5I', 'f4e87f7a-9b81-4574-82bd-88caee33d9e8', null, false, false, null, true, 0);

insert into "Categories" ("Id", "Name")
values (1, 'Nature'),
       (2, 'People'),
       (3, 'Architecture'),
       (4, 'Animals'),
       (5, 'Sports'),
       (6, 'Travel');

insert into "ContactMessages" ("Id", "Name", "Email", "Subject", "Message", "SentAt", "ApplicationUserId")
values (4, 'Diana Smith', 'diana.smith@mail.com', 'Collaboration',
        'I would like to collaborate on a photography project.', '2025-05-23 15:09:43.535939 +00:00',
        '33333333-3333-3333-3333-333333333333'),
       (5, 'Ethan Brown', 'ethan.b@mail.com', 'Support', 'My account login is failing after the last update.',
        '2025-05-24 15:09:43.535939 +00:00', '44444444-4444-4444-4444-444444444444'),
       (6, 'Fiona Green', 'fiona.green@mail.com', 'General Question', 'What’s the maximum upload size for photos?',
        '2025-05-25 15:09:43.535939 +00:00', '11111111-1111-1111-1111-111111111111'),
       (7, 'George Harris', 'george.h@mail.com', 'Content Rights', 'Who retains rights on uploaded images?',
        '2025-05-26 15:09:43.535939 +00:00', '55555555-5555-5555-5555-555555555555'),
       (8, 'Hannah White', 'hannah.white@mail.com', 'Bug Report',
        'Search function returns no results even though photos exist.', '2025-05-27 15:09:43.535939 +00:00',
        '55555555-5555-5555-5555-555555555555'),
       (9, 'Ian Black', 'ian.black@mail.com', 'Account Delete', 'Please delete my account completely.',
        '2025-05-28 15:09:43.535939 +00:00', '44444444-4444-4444-4444-444444444444'),
       (3, 'd', 'anar@gmail.com', 'sada', 'dadd', '2025-05-31 07:48:07.702001 +00:00',
        '33333333-3333-3333-3333-333333333333'),
       (1, 'sff', 'anar@gmail.com', 'dadmjioql', 'dnjsklasjlklkdslkslccakdaln', '2025-05-31 07:46:50.379718 +00:00',
        '44444444-4444-4444-4444-444444444444'),
       (2, 'ddqf', 'anar@gmail.com', 'cf', 'fe', '2025-05-31 07:47:21.913427 +00:00',
        '11111111-1111-1111-1111-111111111111'),
       (10, 'hjgtfhdht', 'anar@gmail.com', 'hgfjgku', 'hjguhuhi', '2025-05-31 11:22:18.808272 +00:00', null),
       (11, 'adlajdjk', 'anar@gmail.com', 'fdhufdfjqjl', 'ddnldjkadlk', '2025-05-31 11:31:50.658972 +00:00', null),
       (12, 'fwffwf', 'anar@gmail.com', 'fwff', 'dfqfljfnerk', '2025-05-31 11:33:21.036232 +00:00', null),
       (13, 'afafjkfk', 'anar@gmail.com', 'dkdakj', 'dajkffjk,', '2025-05-31 11:35:59.221249 +00:00', null),
       (14, 'gfuggj', 'anar@gmail.com', 'ufygygy', 'tffy', '2025-05-31 12:46:46.582827 +00:00', null),
       (15, 'jlkn', 'anar@gmail.com', 'ydgff', 'tydtftyu', '2025-05-31 12:47:36.724996 +00:00', null),
       (16, 'ffpjiso', 'anar@gmail.com', 'slns', 'sjnclscskc', '2025-05-31 12:51:26.916964 +00:00', null),
       (17, 'fjkkjf', 'anar@gmail.com', 'sjlcnsn', 'djkan', '2025-05-31 12:58:28.134864 +00:00', null),
       (18, 'njdfjk', 'anar@gmail.com', 'onjfl', 'flwf', '2025-05-31 13:04:09.977968 +00:00', null),
       (19, 'njdfjk', 'anar@gmail.com', 'onjfl', 'flwf', '2025-05-31 13:04:09.978028 +00:00', null),
       (20, 'ddr', 'anar@gmail.com', 'xljdwen', 'djkslnfnkl', '2025-05-31 13:06:17.334085 +00:00', null),
       (21, 'ddr', 'anar@gmail.com', 'xljdwen', 'djkslnfnkl', '2025-05-31 13:06:17.334078 +00:00', null),
       (22, 'aloo', 'anar@gmail.com', 'dkjn', 'jwljnf', '2025-05-31 13:06:37.752557 +00:00', null),
       (23, 'aloo', 'anar@gmail.com', 'dkjn', 'jwljnf', '2025-05-31 13:06:37.752557 +00:00', null),
       (24, 'jhkjfdjkl', 'anar@gmail.com', 'njdacm', 'lknac.,amlcsm.c,', '2025-05-31 13:16:44.022423 +00:00', null),
       (25, 'daad', 'anar@gmail.com', 'afd', 'csdscd', '2025-05-31 13:26:40.412791 +00:00', null),
       (26, 'anar', 'anar@gmail.com', 'gelirem', 'salam anar', '2025-05-31 13:27:53.738598 +00:00', null),
       (27, 'kelle', 'anar@gmail.com', 'mama', 'salam', '2025-05-31 13:28:50.218098 +00:00', null);

insert into "Feedbacks" ("Id", "UserId", "Rating", "Comment", "CreatedAt")
values (1, '11111111-1111-1111-1111-111111111111', 5, 'Amazing platform! Very easy to use.',
        '2025-05-27 06:42:59.789265 +00:00'),
       (3, '33333333-3333-3333-3333-333333333333', 5, 'I love the photo upload feature—works flawlessly!',
        '2025-05-29 06:42:59.789265 +00:00'),
       (6, '11111111-1111-1111-1111-111111111111', 5,
        'Portrait session was amazing—lighting and composition were perfect!', '2025-05-31 03:45:45.024240 +00:00'),
       (7, '22222222-2222-2222-2222-222222222222', 5,
        'Family photoshoot went smoothly; kids behaved well and pictures turned out great.',
        '2025-05-30 22:45:45.024240 +00:00'),
       (8, '33333333-3333-3333-3333-333333333333', 5,
        'Event photography at our wedding was outstanding—every moment captured beautifully.',
        '2025-05-30 06:45:45.024240 +00:00'),
       (9, '44444444-4444-4444-4444-444444444444', 5,
        'Editing service was top‐notch; colors and retouching exceeded my expectations.',
        '2025-05-29 06:45:45.024240 +00:00'),
       (10, '55555555-5555-5555-5555-555555555555', 5,
        'Booked a corporate headshot session—fast turnaround and professional results.',
        '2025-05-28 06:45:45.024240 +00:00'),
       (5, '55555555-5555-5555-5555-555555555555', 5, 'Great design! Would like to see mobile optimizations.',
        '2025-05-30 18:42:59.789265 +00:00'),
       (2, '22222222-2222-2222-2222-222222222222', 5, 'Good galleries, I will show them to my family.',
        '2025-05-28 06:42:59.789265 +00:00'),
       (4, '44444444-4444-4444-4444-444444444444', 5, 'Site is perfect, loading images doesn''t take so long.',
        '2025-05-30 06:42:59.789265 +00:00');

insert into "Galleries" ("Id", "UserId", "Name", "CreatedAt")
values (1, '11111111-1111-1111-1111-111111111111', 'Anar’s Nature Gallery', '2025-05-20 15:01:32.961572 +00:00'),
       (2, '22222222-2222-2222-2222-222222222222', 'Adil’s Portraits', '2025-05-23 15:01:32.961572 +00:00'),
       (3, '33333333-3333-3333-3333-333333333333', 'Royal’s Travel Moments', '2025-05-25 15:01:32.961572 +00:00');

insert into "PhotographerRequests" ("Id", "UserId", "Experience", "PortfolioUrl", "RequestedAt", "Surname", "Age",
                                    "Name", "Status")
values (1, 'a7da431c-5780-4912-8c8b-3cc7fd506c12', '0-1', 'https://menimki.com', '2025-06-02 11:25:26.582768 +00:00',
        'Fatali', 29, 'Anar', ''),
       (2, 'a0f0cc51-298c-4aee-93d9-f606f43346e4', '1-3', 'https://menimport.com', '2025-06-02 11:36:34.429139 +00:00',
        'qADALOV', 27, 'iLHAM', ''),
       (3, 'a0f0cc51-298c-4aee-93d9-f606f43346e4', '0-1', 'https://menimportum.com',
        '2025-06-02 11:38:02.350294 +00:00', 'Men', 39, 'Salam', ''),
       (4, 'a0f0cc51-298c-4aee-93d9-f606f43346e4', '1-3', 'https://menimportum.com',
        '2025-06-02 11:38:26.959219 +00:00', 'akmdldk', 34, 'ALoo', ''),
       (6, 'a0f0cc51-298c-4aee-93d9-f606f43346e4', '3-5', 'https://menimportum.com',
        '2025-06-02 20:47:40.497658 +00:00', 'Qadal', 19, 'Ilham', 'Approved');
